AD_ID,AD_ST_NM,AD_APT_SUITE_NO,AD_PO_BOX_NO,AD_CITY_NM,AD_STATE_NM,AD_POSTAL_CD,AD_REGION_NM,AD_COUNTRY_NM,CUST_ID,STORE_ID
001,123 Maple St,Suite 101,PO123,New York,NY,10001,North-East,USA,1,10
002,456 Oak Ave,Suite 102,PO124,Los Angeles,CA,90001,West,USA,2,10
003,789 Pine Ln,Apt 12B,PO125,Chicago,IL,60601,Mid-West,USA,3,10
004,101 Elm Dr,Suite 103,PO126,Houston,TX,77001,South,USA,4,10
005,202 Birch Blvd,Unit 5C,PO127,Miami,FL,33101,South-East,USA,5,10
006,303 Cedar Ct,Suite 104,PO128,Toronto,Ontario,12345,North,Canada,6,4
007,404 Spruce Rd,Apt 1A,PO129,Vancouver,British Columbia,54321,West,Canada,7,4
008,505 Willow Way,Unit 2B,PO130,Buenos Aires,Buenos Aires,11000,South America,Argentina,8,1
009,606 Cherry Loop,Suite 201,PO131,Sao Paulo,Sao Paulo,13000,South America,Brazil,9,3
010,707 Aspen St,Suite 202,PO132,Mexico City,Mexico,15000,Central America,Mexico,10,53
011,808 Redwood Dr,Apt 3A,PO133,London,England,12345,Europe,United Kingdom,11,32
012,909 Sequoia Ln,Apt 3B,PO134,Paris,Ile-de-France,75001,Europe,France,12,19
013,1010 Fir St,Suite 301,PO135,Berlin,Berlin,10115,Europe,Germany,13,20
014,1111 Cypress Blvd,Suite 302,PO136,Tokyo,Tokyo,1000001,Asia,Japan,14,11
015,1212 Palm Ct,Apt 4A,PO137,Beijing,Beijing,100000,Asia,China,15,35
016,1313 Banyan Rd,Suite 303,PO138,Mumbai,Maharashtra,400001,Asia,India,16,13
017,1414 Magnolia Dr,Suite 304,PO139,Bangkok,Bangkok,10110,Asia,Thailand,17,15
018,1515 Mahogany St,Suite 305,PO140,Sydney,New South Wales,2000,Australia,Australia,18,12
019,1616 Poplar Way,Suite 306,PO141,Auckland,Auckland,1010,Australia,New Zealand,19,14
020,1717 Dogwood Ln,Apt 5A,PO142,Kuwait City,Al Asimah,15000,Middle East,Kuwait,20,39
021,1818 Maple St,Apt 5B,PO143,Dubai,Dubai,12345,Middle East,UAE,21,31
022,1919 Ash Dr,Suite 401,PO144,Cairo,Cairo,10001,Africa,Egypt,22,47
023,2020 Hickory Blvd,Suite 402,PO145,Nairobi,Nairobi,11000,Africa,Kenya,23,23
024,2121 Cottonwood Ct,Suite 403,PO146,Johannesburg,Gauteng,2001,Africa,South Africa,24,29
025,2222 Alder Rd,Suite 404,PO147,Lagos,Lagos,3001,Africa,Nigeria,25,25
026,2323 Beech Dr,Apt 6A,PO148,Athens,Attica,11742,Europe,Greece,26,37
027,2424 Sycamore Way,Apt 6B,PO149,Rome,Lazio,100,Europe,Italy,27,48
028,2525 Chestnut St,Suite 501,PO150,Warsaw,Mazovia,100,Europe,Poland,28,42
029,2626 Larch Blvd,Suite 502,PO151,Stockholm,Stockholm,10300,Europe,Sweden,29,44
030,2727 Walnut Ct,Suite 503,PO152,Oslo,Oslo,11001,Europe,Norway,30,49
031,2828 Alder Dr,Suite 504,PO153,Lisbon,Lisbon,1200,Europe,Portugal,31,26
032,2929 Maple St,Suite 505,PO154,Vienna,Vienna,1010,Europe,Austria,32,16
033,3030 Spruce Ln,Apt 7A,PO155,Zurich,Zurich,8001,Europe,Switzerland,33,45
034,3131 Willow Way,Apt 7B,PO156,Moscow,Moscow,123456,Europe,Russia,34,28
035,3232 Elm Rd,Apt 8A,PO157,Tehran,Tehran,111111,Middle East,Iran,35,51
036,3333 Oak Ave,Apt 8B,PO158,Riyadh,Riyadh,11564,Middle East,Saudi Arabia,36,43
037,3434 Pine Blvd,Suite 601,PO159,Baghdad,Baghdad,10001,Middle East,Iraq,37,22
038,3535 Fir St,Suite 602,PO160,Harare,Harare,1001,Africa,Zimbabwe,38,50
039,3636 Cedar Ln,Suite 603,PO161,Rabat,Rabat,10000,Africa,Morocco,39,41
040,3737 Birch Dr,Suite 604,PO162,Accra,Accra,2001,Africa,Libya,40,40
