Division,Region,Country,STORE_ID
Americas,South America,Argentina,1
Americas,South America,Bolivia,2
Americas,South America,Brazil,3
Americas,North-America,Canada,4
Americas,South America,Chile,5
Americas,Latin-America,Costa Rica,6
Americas,Latin-America,Guatamala,7
Americas,Latin-America,Nicaragua,8
Americas,South America,Peru,9
Americas,North-America,USA,10
AustralAsia,Asia,Japan,11
AustralAsia,Australia,Australia,12
AustralAsia,Asia,India,13
AustralAsia,Australia,New Zealand,14
AustralAsia,Asia,Thailand,15
EMEA,Europe,Austria,16
EMEA,Africa,Congo,17
EMEA,Europe,Finland,18
EMEA,Europe,France,19
EMEA,Europe,Germany,20
EMEA,Europe,Hungary,21
EMEA,Middle-East,Iraq,22
EMEA,Africa,Kenya,23
EMEA,Africa,Liberia,24
EMEA,Africa,Nigeria,25
EMEA,Europe,Portugal,26
EMEA,Africa,Rawanda,27
EMEA,Europe,Russia,28
EMEA,Africa,South Africa,29
EMEA,Europe,Spain,30
EMEA,Middle-East,UAE,31
EMEA,Europe,United Kingdom,32
EMEA,Middle-East,Yemen,33
AustralAsia,Asia,Bangladesh,34
AustralAsia,Asia,China,35
AustralAsia,Asia,Malaysia,36
EMEA,Europe,Greece,37
EMEA,Middle-East,Israel,38
EMEA,Middle-East,Kuwait,39
EMEA,Africa,Libya,40
EMEA,Africa,Marocco,41
EMEA,Europe,Poland,42
EMEA,Middle-East,Saudi-Arabia,43
EMEA,Europe,Sweden,44
EMEA,Europe,Switzerland,45
AustralAsia,Asia,Taiwan,46
EMEA,Africa,Egypt,47
EMEA,Europe,Italy,48
EMEA,Europe,Norway,49
EMEA,Africa,Zimbabwe,50
EMEA,Middle-East,Iran,51
EMEA,Europe,Ukraine,52
Americas,North-America,Mexico,53
